CMS Certification Number (CCN),Provider Name,Provider Address,City/Town,State,ZIP Code,Survey Date,Survey Type,Deficiency Prefix,Deficiency Category,Deficiency Tag Number,Deficiency Description,Scope Severity Code,Deficiency Corrected,Correction Date,Inspection Cycle,Standard Deficiency,Complaint Deficiency,Infection Control Inspection Deficiency,Citation under IDR,Citation under IIDR,Location,Processing Date,days_since_survey,severity_priority,recent_fine_amount,fine_date,total_fines_3yr,std_survey_date,std_survey_deficiencies,prospect_score,Inspection Report
145623,ARCADIA CARE MORRIS,1095 TWILIGHT DRIVE,MORRIS,IL,60450,2026-07-02,Health,F,Infection Control Deficiencies,0880,Provide and implement an infection prevention and control program.,E,"Deficient, Provider has plan of correction",2026-07-03,1,N,Y,N,N,N,"1095 TWILIGHT DRIVE,MORRIS,IL,60450",2026-08-01,89,Serious,18655.0,2026-01-15,114995.0,2024-10-03,21,8,https://www.medicare.gov/care-compare/details/nursing-home/145623
525549,Greendale Park Nursing and Rehab,5404 W LOOMIS RD,Greendale,WI,53129,2026-07-01,Health,F,Infection Control Deficiencies,0880,Provide and implement an infection prevention and control program.,F,"Deficient, Provider has no plan of correction",,1,N,Y,N,N,N,"5404 W LOOMIS RD,Greendale,WI,53129",2026-08-01,90,Serious,14950.0,2025-03-19,184477.0,2026-01-27,30,8,https://www.medicare.gov/care-compare/details/nursing-home/525549
215179,MANOKIN NURSING AND REHAB,11974 EDGEHILL TERRACE,PRINCESS ANNE,MD,21853,2026-07-01,Health,F,Infection Control Deficiencies,0880,Provide and implement an infection prevention and control program.,E,"Deficient, Provider has no plan of correction",,1,N,Y,N,N,N,"11974 EDGEHILL TERRACE,PRINCESS ANNE,MD,21853",2026-08-01,90,Serious,26685.0,2026-04-01,26685.0,2025-09-26,47,8,https://www.medicare.gov/care-compare/details/nursing-home/215179
515002,PETERSON REHABILITATION AND HEALTHCARE,20 HOMESTEAD AVENUE,WHEELING,WV,26003,2026-07-01,Health,F,Infection Control Deficiencies,0880,Provide and implement an infection prevention and control program.,E,"Deficient, Provider has plan of correction",2026-08-12,1,N,Y,N,N,N,"20 HOMESTEAD AVENUE,WHEELING,WV,26003",2026-08-01,90,Serious,14518.0,2025-02-13,144089.0,2025-02-13,22,8,https://www.medicare.gov/care-compare/details/nursing-home/515002
435047,AVANTARA PIERRE,950 EAST PARK STREET,PIERRE,SD,57501,2026-07-01,Health,F,Infection Control Deficiencies,0880,Provide and implement an infection prevention and control program.,E,"Deficient, Provider has plan of correction",2026-08-01,1,Y,N,N,N,N,"950 EAST PARK STREET,PIERRE,SD,57501",2026-08-01,90,Serious,22048.0,2025-04-02,22048.0,2026-07-01,12,7,https://www.medicare.gov/care-compare/details/nursing-home/435047
555297,HEMET HILLS POST ACUTE,1717 WEST STETSON AVENUE,HEMET,CA,92545,2026-07-01,Health,F,Infection Control Deficiencies,0880,Provide and implement an infection prevention and control program.,D,"Deficient, Provider has no plan of correction",,1,N,Y,N,N,N,"1717 WEST STETSON AVENUE,HEMET,CA,92545",2026-08-01,90,Minor,30459.0,2023-12-13,30459.0,2025-01-17,25,6,https://www.medicare.gov/care-compare/details/nursing-home/555297
455621,Valley Grande Manor,1212 S Bridge,Weslaco,TX,78596,2026-07-02,Health,F,Infection Control Deficiencies,0880,Provide and implement an infection prevention and control program.,D,"Deficient, Provider has no plan of correction",,1,N,Y,N,N,N,"1212 S Bridge,Weslaco,TX,78596",2026-08-01,89,Minor,14744.0,2025-07-25,88679.0,2025-07-25,29,6,https://www.medicare.gov/care-compare/details/nursing-home/455621
455551,PLAINVIEW HEALTHCARE CENTER,2510 W 24TH ST,PLAINVIEW,TX,79072,2026-07-01,Health,F,Infection Control Deficiencies,0880,Provide and implement an infection prevention and control program.,E,"Deficient, Provider has date of correction",2026-07-22,1,Y,N,N,N,N,"2510 W 24TH ST,PLAINVIEW,TX,79072",2026-08-01,90,Serious,19190.0,2024-09-20,19190.0,2026-07-01,8,5,https://www.medicare.gov/care-compare/details/nursing-home/455551
425368,Johns Island Post Acute,3647 Maybank Highway,Johns Island,SC,29455,2026-07-01,Health,F,Infection Control Deficiencies,0880,Provide and implement an infection prevention and control program.,D,"Deficient, Provider has plan of correction",2026-07-23,1,N,Y,N,N,N,"3647 Maybank Highway,Johns Island,SC,29455",2026-08-01,90,Minor,15945.0,2026-02-25,31591.0,2026-02-25,16,5,https://www.medicare.gov/care-compare/details/nursing-home/425368
055162,MONTEREY PARK CONV HOSP,416 N GARFIELD AVE,MONTEREY PARK,CA,91754,2026-07-02,Health,F,Infection Control Deficiencies,0880,Provide and implement an infection prevention and control program.,E,"Deficient, Provider has date of correction",2026-07-27,1,Y,N,N,N,N,"416 N GARFIELD AVE,MONTEREY PARK,CA,91754",2026-08-01,89,Serious,0.0,,0.0,2026-07-02,14,4,https://www.medicare.gov/care-compare/details/nursing-home/055162
275021,VALLE VISTA REHABILITATION AND NURSING LLC,402 SUMMIT AVE,LEWISTOWN,MT,59457,2026-07-02,Health,F,Infection Control Deficiencies,0880,Provide and implement an infection prevention and control program.,F,"Deficient, Provider has plan of correction",2026-08-05,1,N,Y,N,N,N,"402 SUMMIT AVE,LEWISTOWN,MT,59457",2026-08-01,89,Serious,0.0,,0.0,2025-05-20,18,4,https://www.medicare.gov/care-compare/details/nursing-home/275021
395643,John J Kane Regional Center-Gl,955 RIVERMONT DRIVE,PITTSBURGH,PA,15207,2026-07-09,Health,F,Nutrition and Dietary Deficiencies,0814,Dispose of garbage and refuse properly.,F,"Deficient, Provider has no plan of correction",,1,Y,N,N,N,N,"955 RIVERMONT DRIVE,PITTSBURGH,PA,15207",2026-08-01,82,Serious,0.0,,0.0,2026-07-09,14,4,https://www.medicare.gov/care-compare/details/nursing-home/395643
366302,AVENTURA AT SHILOH SPRINGS,3500 SHILOH SPRINGS ROAD,TROTWOOD,OH,45426,2026-07-01,Health,F,Infection Control Deficiencies,0880,Provide and implement an infection prevention and control program.,E,"Deficient, Provider has date of correction",2026-07-25,1,N,Y,N,N,N,"3500 SHILOH SPRINGS ROAD,TROTWOOD,OH,45426",2026-08-01,90,Serious,0.0,,0.0,2026-01-08,19,4,https://www.medicare.gov/care-compare/details/nursing-home/366302
245394,THE ESTATES AT LYNNHURST LLC,471 LYNNHURST AVENUE WEST,SAINT PAUL,MN,55104,2026-07-16,Health,F,Infection Control Deficiencies,0880,Provide and implement an infection prevention and control program.,E,"Deficient, Provider has no plan of correction",,1,Y,N,N,N,N,"471 LYNNHURST AVENUE WEST,SAINT PAUL,MN,55104",2026-08-01,75,Serious,0.0,,0.0,2026-07-16,14,4,https://www.medicare.gov/care-compare/details/nursing-home/245394
676303,MIRADOR,5857 TIMBERGATE DR,CORPUS CHRISTI,TX,78414,2026-07-01,Health,F,Infection Control Deficiencies,0880,Provide and implement an infection prevention and control program.,D,"Deficient, Provider has date of correction",2026-07-24,1,Y,N,N,N,N,"5857 TIMBERGATE DR,CORPUS CHRISTI,TX,78414",2026-08-01,90,Minor,14901.0,2025-04-25,22922.0,2026-07-01,6,3,https://www.medicare.gov/care-compare/details/nursing-home/676303
105401,AYERS HEALTH AND REHABILITATION CENTER,606 NE 7TH ST,TRENTON,FL,32693,2026-07-10,Health,F,Infection Control Deficiencies,0880,Provide and implement an infection prevention and control program.,D,"Deficient, Provider has no plan of correction",,1,Y,N,N,N,N,"606 NE 7TH ST,TRENTON,FL,32693",2026-08-01,81,Minor,16153.0,2025-08-13,16153.0,2026-07-10,10,3,https://www.medicare.gov/care-compare/details/nursing-home/105401
435045,GOOD SAMARITAN SOCIETY SIOUX FALLS VILLAGE,3901 S MARION RD,SIOUX FALLS,SD,57106,2026-07-02,Health,F,Infection Control Deficiencies,0880,Provide and implement an infection prevention and control program.,D,"Deficient, Provider has plan of correction",2026-07-24,1,Y,N,N,N,N,"3901 S MARION RD,SIOUX FALLS,SD,57106",2026-08-01,89,Minor,14472.0,2025-04-24,72812.0,2026-07-02,6,3,https://www.medicare.gov/care-compare/details/nursing-home/435045
455797,Pearsall Nursing and Rehabilitation Center,169 Medical Dr,Pearsall,TX,78061,2026-07-16,Health,F,Infection Control Deficiencies,0880,Provide and implement an infection prevention and control program.,D,"Deficient, Provider has no plan of correction",,1,Y,N,N,N,N,"169 Medical Dr,Pearsall,TX,78061",2026-08-01,75,Minor,14255.0,2025-05-09,14255.0,2026-07-16,6,3,https://www.medicare.gov/care-compare/details/nursing-home/455797
525412,Birch Hill Health Services,1475 Birch Hill Lane,Shawano,WI,54166,2026-07-01,Health,F,Infection Control Deficiencies,0880,Provide and implement an infection prevention and control program.,D,"Deficient, Provider has date of correction",2026-07-29,1,N,Y,N,N,N,"1475 Birch Hill Lane,Shawano,WI,54166",2026-08-01,90,Minor,0.0,,0.0,2026-02-11,11,2,https://www.medicare.gov/care-compare/details/nursing-home/525412
365265,PIQUA MANOR,1840 WEST HIGH STREET,PIQUA,OH,45356,2026-07-01,Health,F,Infection Control Deficiencies,0880,Provide and implement an infection prevention and control program.,D,"Deficient, Provider has date of correction",2026-07-20,1,N,Y,N,N,N,"1840 WEST HIGH STREET,PIQUA,OH,45356",2026-08-01,90,Minor,0.0,,0.0,2026-03-26,12,2,https://www.medicare.gov/care-compare/details/nursing-home/365265
365447,BROOKVIEW HEALTHCARE CENTER,214 HARDING STREET,DEFIANCE,OH,43512,2026-07-01,Health,F,Infection Control Deficiencies,0880,Provide and implement an infection prevention and control program.,D,"Deficient, Provider has date of correction",2026-07-07,1,N,Y,N,N,N,"214 HARDING STREET,DEFIANCE,OH,43512",2026-08-01,90,Minor,0.0,,0.0,2025-03-27,11,2,https://www.medicare.gov/care-compare/details/nursing-home/365447
365665,MEADOW WIND HEALTH CARE CENTER,300 23RD STREET NE,MASSILLON,OH,44646,2026-07-01,Health,F,Infection Control Deficiencies,0880,Provide and implement an infection prevention and control program.,D,"Deficient, Provider has date of correction",2026-07-22,1,N,Y,N,N,N,"300 23RD STREET NE,MASSILLON,OH,44646",2026-08-01,90,Minor,0.0,,0.0,2024-10-10,13,2,https://www.medicare.gov/care-compare/details/nursing-home/365665
676124,PINECREST RETIREMENT COMMUNITY,1302 Tom Temple Drive,Lufkin,TX,75904,2026-07-08,Health,F,Infection Control Deficiencies,0880,Provide and implement an infection prevention and control program.,E,"Deficient, Provider has no plan of correction",,1,Y,N,N,N,N,"1302 Tom Temple Drive,Lufkin,TX,75904",2026-08-01,83,Serious,0.0,,0.0,2026-07-08,5,2,https://www.medicare.gov/care-compare/details/nursing-home/676124
555815,TOTALLY KIDS SPECIALTY HEALTHCARE - SUN VALLEY,10716 LA TUNA CANYON ROAD,SUN VALLEY,CA,91352,2026-07-02,Health,F,Infection Control Deficiencies,0880,Provide and implement an infection prevention and control program.,D,"Deficient, Provider has no plan of correction",,1,N,Y,N,N,N,"10716 LA TUNA CANYON ROAD,SUN VALLEY,CA,91352",2026-08-01,89,Minor,0.0,,0.0,2026-02-23,20,2,https://www.medicare.gov/care-compare/details/nursing-home/555815
385126,AVAMERE AT THREE FOUNTAINS,835 CRATER LAKE AVENUE,MEDFORD,OR,97504,2026-07-09,Health,F,Infection Control Deficiencies,0880,Provide and implement an infection prevention and control program.,E,"Deficient, Provider has plan of correction",2026-08-06,1,Y,N,N,N,N,"835 CRATER LAKE AVENUE,MEDFORD,OR,97504",2026-08-01,82,Serious,0.0,,0.0,2026-07-09,5,2,https://www.medicare.gov/care-compare/details/nursing-home/385126
245491,MOOSE LAKE VILLAGE,710 SOUTH KENWOOD AVENUE,MOOSE LAKE,MN,55767,2026-07-09,Health,F,Infection Control Deficiencies,0880,Provide and implement an infection prevention and control program.,E,"Deficient, Provider has no plan of correction",,1,Y,N,N,N,N,"710 SOUTH KENWOOD AVENUE,MOOSE LAKE,MN,55767",2026-08-01,82,Serious,0.0,,0.0,2026-07-09,5,2,https://www.medicare.gov/care-compare/details/nursing-home/245491
555049,LODI NURSING & REHABILITATION,1334 S. HAM LANE,LODI,CA,95242,2026-07-02,Health,F,Infection Control Deficiencies,0880,Provide and implement an infection prevention and control program.,D,"Deficient, Provider has no plan of correction",,1,N,Y,N,N,N,"1334 S. HAM LANE,LODI,CA,95242",2026-08-01,89,Minor,0.0,,0.0,2026-03-06,15,2,https://www.medicare.gov/care-compare/details/nursing-home/555049
175239,DIVERSICARE OF COUNCIL GROVE,400 SUNSET DRIVE,COUNCIL GROVE,KS,66846,2026-07-08,Health,F,Infection Control Deficiencies,0880,Provide and implement an infection prevention and control program.,F,"Deficient, Provider has no plan of correction",,1,Y,N,N,N,N,"400 SUNSET DRIVE,COUNCIL GROVE,KS,66846",2026-08-01,83,Serious,0.0,,0.0,2026-07-08,10,2,https://www.medicare.gov/care-compare/details/nursing-home/175239
245620,MN VETERANS HOME-MPLS,5101 MINNEHAHA AVENUE SOUTH,MINNEAPOLIS,MN,55417,2026-07-09,Health,F,Infection Control Deficiencies,0880,Provide and implement an infection prevention and control program.,D,"Deficient, Provider has no plan of correction",,1,Y,N,N,N,N,"5101 MINNEHAHA AVENUE SOUTH,MINNEAPOLIS,MN,55417",2026-08-01,82,Minor,0.0,,0.0,2026-07-09,6,0,https://www.medicare.gov/care-compare/details/nursing-home/245620
245298,THE ESTATES AT TWIN RIVERS LLC,305 FREMONT STREET,ANOKA,MN,55303,2026-07-02,Health,F,Infection Control Deficiencies,0880,Provide and implement an infection prevention and control program.,D,"Deficient, Provider has plan of correction",2026-08-03,1,Y,N,N,N,N,"305 FREMONT STREET,ANOKA,MN,55303",2026-08-01,89,Minor,0.0,,0.0,2026-07-02,9,0,https://www.medicare.gov/care-compare/details/nursing-home/245298
245342,THE ESTATES AT GREELEY LLC,313 SOUTH GREELEY STREET,STILLWATER,MN,55082,2026-07-02,Health,F,Infection Control Deficiencies,0880,Provide and implement an infection prevention and control program.,D,"Deficient, Provider has plan of correction",2026-08-08,1,Y,N,N,N,N,"313 SOUTH GREELEY STREET,STILLWATER,MN,55082",2026-08-01,89,Minor,0.0,,0.0,2026-07-02,3,0,https://www.medicare.gov/care-compare/details/nursing-home/245342
305037,Courville at Nashua,22 HUNT STREET,NASHUA,NH,03060,2026-07-02,Health,F,Infection Control Deficiencies,0880,Provide and implement an infection prevention and control program.,D,"Deficient, Provider has date of correction",2026-07-21,1,Y,N,N,N,N,"22 HUNT STREET,NASHUA,NH,03060",2026-08-01,89,Minor,0.0,,0.0,2026-07-02,3,0,https://www.medicare.gov/care-compare/details/nursing-home/305037
245590,THE LUTHERAN HOME: BELLE PLAINE,611 WEST MAIN STREET,BELLE PLAINE,MN,56011,2026-07-07,Health,F,Infection Control Deficiencies,0880,Provide and implement an infection prevention and control program.,D,"Deficient, Provider has no plan of correction",,1,Y,N,N,N,N,"611 WEST MAIN STREET,BELLE PLAINE,MN,56011",2026-08-01,84,Minor,0.0,,0.0,2026-07-07,5,0,https://www.medicare.gov/care-compare/details/nursing-home/245590
375386,"QUAIL RIDGE LIVING CENTER, INC",564 STATE LINE ROAD,COLCORD,OK,74338,2026-07-02,Health,F,Infection Control Deficiencies,0880,Provide and implement an infection prevention and control program.,D,"Deficient, Provider has date of correction",2026-07-22,1,Y,N,N,N,N,"564 STATE LINE ROAD,COLCORD,OK,74338",2026-08-01,89,Minor,0.0,,0.0,2026-07-02,5,0,https://www.medicare.gov/care-compare/details/nursing-home/375386
075336,SOUTHINGTON CARE CENTER,45 MERIDEN AVE,SOUTHINGTON,CT,06489,2026-07-02,Health,F,Infection Control Deficiencies,0880,Provide and implement an infection prevention and control program.,D,"Deficient, Provider has no plan of correction",,1,N,Y,N,N,N,"45 MERIDEN AVE,SOUTHINGTON,CT,06489",2026-08-01,89,Minor,0.0,,0.0,2024-05-09,6,0,https://www.medicare.gov/care-compare/details/nursing-home/075336
245410,CURA OF WILLMAR,1801 WILLMAR AVENUE SOUTHWEST,WILLMAR,MN,56201,2026-07-15,Health,F,Infection Control Deficiencies,0880,Provide and implement an infection prevention and control program.,D,"Deficient, Provider has no plan of correction",,1,Y,N,N,N,N,"1801 WILLMAR AVENUE SOUTHWEST,WILLMAR,MN,56201",2026-08-01,76,Minor,0.0,,0.0,2026-07-15,7,0,https://www.medicare.gov/care-compare/details/nursing-home/245410
